{"name":"Bhagavad Gita Spiritual Guide","short_name":"Gita Speaks","description":"Seek divine wisdom and guidance from the timeless teachings of the Bhagavad Gita","start_url":"/?source=pwa","display":"standalone","background_color":"#fff9e6","theme_color":"#973B00","icons":[{"src":"/icons/manifest-icon-192.maskable.png","sizes":"192x192","type":"image/png","purpose":"any maskable"},{"src":"/icons/manifest-icon-512.maskable.png","sizes":"512x512","type":"image/png","purpose":"any maskable"},{"src":"/icons/android-splash-640-480.png","sizes":"640x480","type":"image/png","purpose":"splash"},{"src":"/icons/android-splash-750-1334.png","sizes":"750x1334","type":"image/png","purpose":"splash"},{"src":"/icons/android-splash-1242-2208.png","sizes":"1242x2208","type":"image/png","purpose":"splash"},{"src":"/icons/android-splash-1125-2436.png","sizes":"1125x2436","type":"image/png","purpose":"splash"}]}